,SMILES,E isomer pi-pi* wavelength in nm
0,C[N]1N=NC(=N1)N=NC2=CC=CC=C2,310.0
1,C[N]1C=NC(=N1)N=NC2=CC=CC=C2,310.0
2,C[N]1C=CC(=N1)N=NC2=CC=CC=C2,320.0
3,C[N]1C=C(C)C(=N1)N=NC2=CC=CC=C2,325.0
4,C[N]1C=C(C=N1)N=NC2=CC=CC=C2,328.0
5,C[N]1N=C(C)C(=C1C)N=NC2=CC=CC=C2,335.0
6,C[N]1N=CC=C1N=NC2=CC=CC=C2,341.0
7,C[N]1N=CC(=C1N=NC2=CC=CC=C2)C,340.0
8,CC(N(C)C(C)=C1)=C1/N=N/C2=CC=CC=C2,363.0
9,CC(N(C)C(C)=C1C)=C1/N=N/C2=CC=CC=C2,345.0
10,CN1C(/N=N/C2=CC=CC=C2)=C(C)C=C1C,394.0
11,CN1C(/N=N/C2=CC=CC=C2)=CC=C1,385.0
12,CN1C(/N=N/C2=CC=CC=C2)=NC=C1,363.0
13,CN(C=N1)C=C1/N=N/C2=CC=CC=C2,336.0
14,CN1C(/N=N/C2=CC=CC=C2)=CN=C1,362.0
15,NC(C=C1)=CC=C1N=NC2=NNC=C2,391.0
16,COC(C=C1)=CC=C1N=NC2=NNC=C2,344.0
17,CC(C=C1)=CC=C1N=NC2=NNC=C2,332.0
18,C1(/N=N/C2=CC=NN2)=CC=NN1,320.0
19,[H]C(C=C1)=CC=C1N=NC2=NNC=C2,324.0
20,BrC(C=C1)=CC=C1N=NC2=NNC=C2,331.0
21,FC1=CC=CC=C1N=NC2=NNC=C2,328.0
22,O=C(O)C(C=C1)=CC=C1N=NC2=NNC=C2,328.0
23,O=C(C1=CC=C(/N=N/C2=NNC=C2)C=C1)OCC,331.0
24,CC(C(C=C1)=CC=C1N=NC2=NNC=C2)=O,322.0
25,[O-][N+](C(C=C1)=CC=C1N=NC2=NNC=C2)=O,340.0
26,CN(N=C1)C=C1/N=N/C2=C(F)C=CC=C2F,316.0
27,CN(N=C1C)C(C)=C1/N=N/C2=C(F)C=CC=C2F,328.0
28,CN(N=C1C)C(C)=C1/N=N/C2=C(Cl)C=CC=C2Cl,328.0
29,CN(N=C1C)C(C)=C1/N=N/C2=C(OC)C=CC=C2OC,307.0
30,FC1=CC=CC=C1/N=N/C2=C(F)C=CC=C2,325.0
31,FC1=CC=CC(F)=C1/N=N/C2=CC=CC=C2,309.0
32,FC1=CC=CC(F)=C1/N=N/C2=C(F)C=CC=C2F,305.0
33,FC1=CC(F)=CC(F)=C1/N=N/C(C(F)=C2)=C(F)C=C2F,309.0
34,FC1=C(F)C=C(F)C(F)=C1/N=N/C2=C(F)C(F)=CC(F)=C2F,303.0
35,FC1=C(F)C(F)=C(F)C(F)=C1/N=N/C2=C(F)C(F)=C(F)C(F)=C2F,310.0
36,FC1=CC=CC(F)=C1/N=N/C2=CC=C(C(OCC)=O)C=C2,316.0
37,FC1=CC(C(OCC)=O)=CC(F)=C1/N=N/C2=C(F)C=C(C(OCC)=O)C=C2F,314.0
38,FC1=CC(C(OCC)=O)=CC(F)=C1/N=N/C2=C(F)C=CC=C2F,310.0
39,FC1=CC(C(OCC)=O)=CC(F)=C1/N=N/C2=CC=C(C(OCC)=O)C=C2,320.0
40,FC1=CC(C(OCC)=O)=CC(F)=C1/N=N/C2=CC=CC=C2,316.0
41,CC(NC(C=C1)=CC(OC)=C1/N=N/C2=C(OC)C=C(NC(C)=O)C=C2)=O,338.0
42,CC(NC(C=C1OC)=CC(OC)=C1/N=N/C2=C(OC)C=C(NC(C)=O)C=C2OC)=O,345.0
43,COC(C=CN=C1)=C1/N=N/C2=CC=CC=C2,332.0
44,C1(/N=N/C2=CC=CC=C2)=CC=CN=C1,322.0
45,CC1=C(/N=N/C2=CC=CC=C2)C=NC=C1,322.0
46,CC(C)C1=C(/N=N/C2=CC=CC=C2)C=NC=C1,323.0
47,IC1=C(/N=N/C2=CC=CC=C2)C=NC=C1,330.0
48,CN(C)C1=C(/N=N/C2=CC=CC=C2)C=NC=C1,313.0
49,O=C(N(CCC)C=C1/N=N/C2=CC=C(C(C)(C)C)C=C2)NC1=O,375.0
50,O=C(COC1=C(/N=N\C2=C(OC3)C=CC=C2)C=CC=C1)O[C@H]4[C@H](OCC5=CC=CC=C5)[C@@H](OCC6=CC=CC=C6)[C@H](SC7=CC=CC=C7)O[C@@H]4COC3=O,310.0
51,CC1=C(C(C)=NN1)/N=N/C2=C(F)C=CC=C2,334.0
52,CC1=C(C(C)=NN1)/N=N/C2=CC(F)=CC=C2,334.0
53,CC1=C(C(C)=NN1)/N=N/C2=CC=C(F)C=C2,330.0
54,CC1=C(C(C)=NN1)/N=N/C2=C(Cl)C=CC=C2,339.0
55,CC1=C(C(C)=NN1)/N=N/C2=CC(Cl)=CC=C2,336.0
56,CC1=C(C(C)=NN1)/N=N/C2=CC=C(Cl)C=C2,336.0
57,CC1=C(C(C)=NN1)/N=N/C2=C(Br)C=CC=C2,340.0
58,CC1=C(C(C)=NN1)/N=N/C2=CC(Br)=CC=C2,335.0
59,CC1=C(C(C)=NN1)/N=N/C2=CC=C(Br)C=C2,337.0
60,CC1=C(C(C)=NN1)/N=N/C2=CC(O)=CC=C2,330.0
61,CC1=C(C(C)=NN1)/N=N/C2=C(C(F)(F)F)C=CC=C2,335.0
62,CC1=C(C(C)=NN1)/N=N/C2=CC(C(F)(F)F)=CC=C2,332.0
63,CC1=C(C(C)=NN1)/N=N/C2=CC=C(C(F)(F)F)C=C2,334.0
64,CC1=C(C(C)=NN1)/N=N/C2=C(OC)C=CC=C2,350.0
65,CC1=C(C(C)=NN1)/N=N/C2=CC(OC)=CC=C2,330.0
66,CC1=C(C(C)=NN1)/N=N/C2=CC=C(OC)C=C2,342.0
67,CC1=C(C(C)=NN1)/N=N/C2=C(C)C=CC=C2,336.0
68,CC1=C(C(C)=NN1)/N=N/C2=CC(C)=CC=C2,331.0
69,CC1=C(C(C)=NN1)/N=N/C2=CC=C(C)C=C2,335.0
70,CC1=C(C(C)=NN1)/N=N/C2=CC(C(O)=O)=CC=C2,332.0
71,CC1=C(C(C)=NN1)/N=N/C2=CC=C(C(O)=O)C=C2,342.0
72,CC1=C(C(C)=NN1)/N=N/C2=CC(NC(C)=O)=CC=C2,329.0
73,CC1=C(C(C)=NN1)/N=N/C2=CC=C(NC(C)=O)C=C2,350.0
74,CC1=NOC(C)=C1/N=N/C2=CC=CC=C2,315.0
75,CC1=NOC(C)=C1/N=N/C2=C(F)C=CC=C2,321.0
76,CC1=NOC(C)=C1/N=N/C2=CC(F)=CC=C2,315.0
77,CC1=NOC(C)=C1/N=N/C2=CC=C(F)C=C2,318.0
78,CC1=NOC(C)=C1/N=N/C2=C(Cl)C=CC=C2,321.0
79,CC1=NOC(C)=C1/N=N/C2=CC(Cl)=CC=C2,315.0
80,CC1=NOC(C)=C1/N=N/C2=CC=C(Cl)C=C2,323.0
81,CC1=NOC(C)=C1/N=N/C2=C(Br)C=CC=C2,321.0
82,CC1=NOC(C)=C1/N=N/C2=CC(Br)=CC=C2,315.0
83,CC1=NOC(C)=C1/N=N/C2=CC=C(Br)C=C2,325.0
84,CC1=NOC(C)=C1/N=N/C2=CC=C(I)C=C2,330.0
85,CC1=NOC(C)=C1/N=N/C2=CC(O)=CC=C2,313.0
86,CC1=NOC(C)=C1/N=N/C2=CC(C(F)(F)F)=CC=C2,314.0
87,CC1=NOC(C)=C1/N=N/C2=CC=C(C(F)(F)F)C=C2,312.0
88,CC1=NOC(C)=C1/N=N/C2=C(OC)C=CC=C2,311.0
89,CC1=NOC(C)=C1/N=N/C2=CC(OC)=CC=C2,312.0
90,CC1=NOC(C)=C1/N=N/C2=CC=C(OC)C=C2,337.0
91,CC1=NOC(C)=C1/N=N/C2=C([N+]([O-])=O)C=CC=C2,318.0
92,CC1=NOC(C)=C1/N=N/C2=CC=C([N+]([O-])=O)C=C2,332.0
93,CC1=NOC(C)=C1/N=N/C2=CC=C(C)C=C2,323.0
94,CC1=NOC(C)=C1/N=N/C2=CC(NC(C)=O)=CC=C2,315.0
95,CC1=NOC(C)=C1/N=N/C2=CC=C(NC(C)=O)C=C2,342.0
96,CC1=C(/N=N/C2=C3C=CC=CC3=CC=C2)C(C)=NO1,362.0
97,CC1=C(/N=N/C2=CC(Cl)=CC=C2Cl)C(C)=NO1,320.0
98,CC1=C(/N=N/C2=C(Cl)C=CC=C2Cl)C(C)=NO1,297.0
99,CC1=C(/N=N/C2=CC=C(F)C=C2F)C(C)=NO1,324.0
100,CC1=C(/N=N/C2=CC(F)=CC=C2F)C(C)=NO1,328.0
101,CC1=C(/N=N/C2=C(F)C=CC=C2F)C(C)=NO1,309.0
102,CC1=C(/N=N/C2=CC(F)=CC(F)=C2)C(C)=NO1,315.0
103,CC1=C(/N=N/C2=CC=CC(N)=C2)C(C)=NO1,315.0
104,CC1=C(/N=N/C2=CC=CC=C2C#N)C(C)=NO1,325.0
105,CC1=C(/N=N/C2=CC=CN=C2)C(C)=NO1,316.0
106,CC1=CC=C(/N=N/C2=CC=CS2)C=C1,365.0
107,C1(/N=N/C2=CC=CC=C2)=CC=CC=C1,319.0
108,BrC1=CC=CC=C1/N=N/C2=CC=CC=C2,326.0
109,FC(F)(F)C1=CC=CC=C1/N=N/C2=CC=CC=C2,317.0
110,CC1=CC=CC=C1/N=N/C2=CC=CC=C2,323.0
111,NC1=CC=CC=C1/N=N/C2=CC=CC=C2,421.0
112,BrC1=CC(/N=N/C2=CC=CC=C2)=CC=C1,321.0
113,CC1=CC(/N=N/C2=CC=CC=C2)=CC=C1,322.0
114,NC1=CC(/N=N/C2=CC=CC=C2)=CC=C1,417.0
115,O=[N+]([O-])C1=CC(/N=N/C2=CC=CC=C2)=CC=C1,327.0
116,BrC1=CC=C(/N=N/C2=CC=CC=C2)C=C1,329.0
117,FC(F)(F)C1=CC=C(/N=N/C2=CC=CC=C2)C=C1,315.0
118,ClC1=CC=C(/N=N/C2=CC=CC=C2)C=C1,324.0
119,N#CC1=CC=C(/N=N/C2=CC=CC=C2)C=C1,321.0
120,CC(C1=CC=C(/N=N/C2=CC=CC=C2)C=C1)=O,326.0
121,O=C(OC)C1=CC=C(/N=N/C2=CC=CC=C2)C=C1,328.0
122,FC1=CC=C(/N=N/C2=CC=CC=C2)C=C1,322.0
123,OC1=CC=C(/N=N/C2=CC=CC=C2)C=C1,339.0
124,O=C1C=CC(N1C2=CC=C(/N=N/C3=CC=CC=C3)C=C2)=O,329.0
125,CC1=CC=C(/N=N/C2=CC=CC=C2)C=C1,330.0
126,CCN(CC)C1=CC=C(/N=N/C2=CC=CC=C2)C=C1,416.0
127,NC1=CC=C(/N=N/C2=CC=CC=C2)C=C1,364.0
128,CC(NC1=CC=C(/N=N/C2=CC=CC=C2)C=C1)=O,346.0
129,CNC1=CC=C(/N=N/C2=CC=CC=C2)C=C1,380.0
130,CN(C)C1=CC=C(/N=N/C2=CC=CC=C2)C=C1,408.0
131,O=[N+]([O-])C1=CC=C(/N=N/C2=CC=CC=C2)C=C1,333.0
132,C1(NC2=CC=CC=C2)=CC=C(/N=N/C3=CC=CC=C3)C=C1,411.0
133,FC(F)(F)C1=C(/N=N/C2=C(C(F)(F)F)C=CC=C2)C=CC=C1,317.0
134,ClC1=C(/N=N/C2=C(Cl)C=CC=C2)C=CC=C1,328.0
135,CC1=CC=CC=C1/N=N/C2=CC=CC=C2C,331.0
136,CC(C=CC=C1C)=C1/N=N/C2=CC=CC=C2,316.0
137,BrC1=CC=CC(/N=N/C2=CC=CC(Br)=C2)=C1,320.0
138,ClC1=CC=CC(/N=N/C2=CC=CC(Cl)=C2)=C1,320.0
139,FC1=CC=CC(/N=N/C2=CC=CC(F)=C2)=C1,320.0
140,CC1=CC=CC(/N=N/C2=CC=CC(C)=C2)=C1,331.0
141,BrC1=CC=C(/N=N/C2=CC=C(Br)C=C2)C=C1,324.0
142,ClC1=CC=C(/N=N/C2=CC=C(Cl)C=C2)C=C1,331.0
143,FC(F)(F)C1=CC=C(/N=N/C2=CC=C(C(F)(F)F)C=C2)C=C1,313.0
144,FC1=CC=C(/N=N/C2=CC=C(F)C=C2)C=C1,325.0
145,CC1=CC=C(/N=N/C2=CC=C(C)C=C2)C=C1,326.0
146,CC1=C(/N=N/C2=CC=CC(C)=C2C)C=CC=C1C,332.0
147,CC1=C(/N=N/C2=CC=C(C)C=C2C)C=CC(C)=C1,346.0
148,CC1=C(/N=N/C2=CC(C)=CC=C2C)C=C(C)C=C1,336.0
149,CC1=CC(/N=N/C2=CC(C)=C(C)C=C2)=CC=C1C,333.0
150,CC1=C(Cl)C=CC=C1/N=N/C2=C(C)C(Cl)=CC=C2,329.0
151,CC1=CC(Cl)=CC=C1/N=N/C2=C(C)C=C(Cl)C=C2,346.0
152,BrC1=CC(Br)=CC(Br)=C1/N=N/C2=C(Br)C=C(Br)C=C2Br,302.0
153,CC1=CC(C)=CC(C)=C1/N=N/C2=C(C)C=C(C)C=C2C,325.0
154,CCN(CC)C(C=C1)=CC=C1/N=N/C2=C(C#N)C=CC=C2,462.0
155,CN(C)C(C=C1)=CC=C1/N=N/C2=C(C(O)=O)C=CC=C2,410.0
156,NC1=C(/N=N/C2=CC=CC=C2)C=CC(N)=C1,411.0
157,O=[N+]([O-])C1=C(/N=N/C2=C([N+]([O-])=O)C=CC=C2)C=CC=C1,323.0
158,OC(C=C(O)C=C1)=C1/N=N/C2=CC=CC=C2,400.0
159,OC(C=CC(C)=C1)=C1/N=N/C2=CC=CC=C2,330.0
160,CCN(CC)C1=CC=C(/N=N/C2=CC(C#N)=CC=C2)C=C1,446.0
161,O=[N+]([O-])C1=CC=CC(/N=N/C2=CC([N+]([O-])=O)=CC=C2)=C1,311.0
162,BrC(C=C1)=CC=C1/N=N/C2=CC=C(N(C)C)C=C2,419.0
163,ClC(C=C1)=CC=C1/N=N/C2=CC=C(N(C)C)C=C2,416.0
164,CN(C)C1=CC=C(/N=N/C2=CC=C(C(F)(F)F)C=C2)C=C1,427.0
165,CCN(CC)C1=CC=C(/N=N/C2=CC=C(C#N)C=C2)C=C1,466.0
166,CN(C)C1=CC=C(/N=N/C2=CC=C(C(OC)=O)C=C2)C=C1,442.0
167,FC(C=C1)=CC=C1/N=N/C2=CC=C(N(C)C)C=C2,407.0
168,CC(C=C1)=CC=C1/N=N/C2=CC=C(N(C)C)C=C2,400.0
169,CC(C=C1)=CC=C1/N=N/C2=CC=C(N(CC)CC)C=C2,411.0
170,CCN(CC)C1=CC=C(/N=N/C2=CC=C(N(CC)CC)C=C2)C=C1,426.0
171,NC1=CC=C(/N=N/C2=CC=C(N(CC)CC)C=C2)C=C1,412.0
172,CN(C)C1=CC=C(/N=N/C2=CC=C(N(CC)CC)C=C2)C=C1,420.0
173,CCN(CC)C(C=C1)=CC=C1/N=N/C2=CC=C([N+]([O-])=O)C=C2,482.0
174,O=[N+]([O-])C1=CC=C(/N=N/C2=CC=C(NCCC#N)C=C2)C=C1,455.0
175,OCCNC(C=C1)=CC=C1/N=N/C2=CC=C([N+]([O-])=O)C=C2,503.0
176,NC1=CC=C(/N=N/C2=CC=C(N(C)C)C=C2)C=C1,410.0
177,NC1=CC=C(/N=N/C2=CC=C([N+]([O-])=O)C=C2)C=C1,441.0
178,CN(C)C(C=C1)=CC=C1/N=N/C2=CC=C(N(C)C)C=C2,455.0
179,CN(C)C(C=C1)=CC=C1/N=N/C2=CC=CC=C2[N+]([O-])=O,440.0
180,CN(C)C(C=C1)=CC=C1/N=N/C2=CC=CC([N+]([O-])=O)=C2,420.0
181,CN(C)C(C=C1)=CC=C1/N=N/C2=CC=C([N+]([O-])=O)C=C2,473.0
182,O=[N+]([O-])C(C=C1)=CC=C1/N=N/C2=CC=C(NC3=CC=CC=C3)C=C2,483.0
183,O=[N+]([O-])C1=CC=C(/N=N/C2=CC=C(C=C2)[N+]([O-])=O)C=C1,335.0
184,OC1=CC=C(/N=N/C2=CC=C(C=C2)[N+]([O-])=O)C=C1,382.0
185,OC1=CC=C(/N=N/C2=CC=C(C=C2)O)C=C1,355.0
186,CC1=C(/N=N/C2=C(C)C=C(C=C2)N(C)C)C=CC=C1,400.0
187,OC1=C(/N=N/C2=CC(C)=CC(C)=C2)C=CC=C1,332.0
188,OC1=C(/N=N/C2=CC=C(NC(C)=O)C=C2)C=C(C)C=C1,357.0
189,OC1=C(C(O)=O)C=C(/N=N/C2=CC=C([N+]([O-])=O)C=C2)C=C1,385.0
190,OC(C=C1)=CC=C1/N=N/C2=CC(C)=CC(C)=C2,351.0
191,CCN(CC)C(C=C1)=CC=C1/N=N/C2=C(C#N)C=C(C#N)C=C2,515.0
192,CCN(CC)C(C=C1)=CC=C1/N=N/C2=C(C#N)C=CC(C#N)=C2,495.0
193,CCN(CC)C(C=C1)=CC=C1/N=N/C2=C(C#N)C=CC=C2C#N,503.0
194,CCN(CC)C(C=C1)=CC=C1/N=N/C2=CC(C#N)=C(C#N)C=C2,500.0
195,CCN(CC)C(C=C1)=CC=C1/N=N/C2=CC(C#N)=CC(C#N)=C2,478.0
196,OC1=C(/N=N/C2=CC=C([N+]([O-])=O)C=C2)C=CC(O)=C1,432.0
197,CC1=C(/N=N/C2=CC=C(N(C)C)C=C2C)C=CC(Cl)=C1,411.0
198,CC1=C(/N=N/C2=CC=C(N(C)C)C=C2C)C=CC([N+]([O-])=O)=C1,452.0
199,CC1=C(/N=N/C2=CC=C(N(C)C)C=C2C)C=C([N+]([O-])=O)C=C1,425.0
200,CC1=C(/N=N/C2=CC=C(N(C)C)C=C2C)C=CC(C)=C1,399.0
201,CC1=CC(N(CC)CC)=CC=C1/N=N/C2=C(C#N)C=C(C#N)C=C2C#N,562.0
202,OC1=C([N+]([O-])=O)C=C([N+]([O-])=O)C=C1/N=N/C2=C(O)C=CC(C)=C2,400.0
203,OC(C([N+]([O-])=O)=CC([N+]([O-])=O)=C1)=C1/N=N/C2=CC(C)=CC(NC(C)=O)=C2O,400.0
204,OC(C([N+]([O-])=O)=CC([N+]([O-])=O)=C1)=C1/N=N/C2=CC(Cl)=C(N)C=C2N,492.0
205,CC1=C([N+]([O-])=O)C(C)=CC(/N=N/C2=CC(C)=C(N(C)C)C(C)=C2)=C1,382.0
206,[H]C1=C(N2CCOCC2)C=CC(/N=N/C3=CC=C(N4CCOCC4)C([H])=C3)=C1,402.0
207,[H]C5=C(N6CCCCC6)C=CC(/N=N/C7=CC=C(N8CCCCC8)C([H])=C7)=C5,410.0
208,[H]C9=C(N%10CCCC%10)C=CC(/N=N/C%11=CC=C(N%12CCCC%12)C([H])=C%11)=C9,431.0
209,CC%13=C(N%14CCCC%14)C=CC(/N=N/C%15=CC=C(N%16CCCC%16)C(C)=C%15)=C%13,406.0
210,COC%17=CC(/N=N/C%18=CC(OC)=C(N%19CCCC%19)C=C%18)=CC=C%17N%20CCCC%20,452.0
211,CCN(CC)C(C=C%21)=CC=C%21/N=N/C%22=CC=C(N%23CCOCC%23)C([H])=C%22,417.0
212,CCN(CC)C(C=C%24)=CC=C%24/N=N/C%25=CC=C(N%26CCCCC%26)C([H])=C%25,420.0
213,CCN(CC)C(C=C%27)=CC=C%27/N=N/C%28=CC=C(N%29CCOCC%29)C(C)=C%28,412.0
214,CCN(CC)C(C=C%30)=CC=C%30/N=N/C%31=CC=C(N%32CCOCC%32)C(OC)=C%31,422.0
215,[H]C1=CC([N+]([O-])=O)=CC([H])=C1/N=N/C2=CC([H])=C(C=C2OC)N(CC)CC,501.0
216,NC1=C(OC)C=C(/N=N/C2=C([H])C=C([N+]([O-])=O)C=C2[H])C([H])=C1,488.0
217,[H]C1=CC([N+]([O-])=O)=CC([H])=C1/N=N/C2=CC([H])=C(C=C2[H])N(CC)CC,489.0
218,[H]C1=CC([N+]([O-])=O)=CC(Cl)=C1/N=N/C2=CC([H])=C(C=C2[H])N(CC)CC,512.0
219,[H]C1=CC([N+]([O-])=O)=CC([N+]([O-])=O)=C1/N=N/C2=CC([H])=C(C=C2[H])N(CC)CC,532.0
220,[H]C1=CC([N+]([O-])=O)=CC(C#N)=C1/N=N/C2=CC([H])=C(C=C2[H])N(CC)CC,542.0
221,BrC1=CC([N+]([O-])=O)=CC([N+]([O-])=O)=C1/N=N/C2=CC([H])=C(C=C2[H])N(CC)CC,540.0
222,ClC1=CC([N+]([O-])=O)=CC(C#N)=C1/N=N/C2=CC([H])=C(C=C2[H])N(CC)CC,551.0
223,[H]C1=C(C=C([H])C(/N=N/C2=C(C#N)C=C([N+]([O-])=O)C=C2C#N)=C1)N(CC)CC,592.0
224,[H]C1=CC([N+]([O-])=O)=CC([H])=C1/N=N/C2=CC([H])=C(C=C2OC)N(CC)CC,505.0
225,[H]C3=CC([N+]([O-])=O)=CC(Cl)=C3/N=N/C4=CC([H])=C(C=C4OC)N(CC)CC,526.0
226,[H]C5=CC([N+]([O-])=O)=CC([N+]([O-])=O)=C5/N=N/C6=CC([H])=C(C=C6OC)N(CC)CC,545.0
227,[H]C7=CC([N+]([O-])=O)=CC(C#N)=C7/N=N/C8=CC([H])=C(C=C8OC)N(CC)CC,555.0
228,BrC9=CC([N+]([O-])=O)=CC([N+]([O-])=O)=C9/N=N/C%10=CC([H])=C(C=C%10OC)N(CC)CC,554.0
229,ClC%11=CC([N+]([O-])=O)=CC(C#N)=C%11/N=N/C%12=CC([H])=C(C=C%12OC)N(CC)CC,565.0
230,[H]C%13=C(C=C(OC)C(/N=N/C%14=C(C#N)C=C([N+]([O-])=O)C=C%14C#N)=C%13)N(CC)CC,601.0
231,[H]C1=CC([N+]([O-])=O)=CC([H])=C1/N=N/C2=CC(OC)=C(C=C2)N(CC)CC,492.0
232,[H]C3=CC([N+]([O-])=O)=CC(Cl)=C3/N=N/C4=CC(OC)=C(C=C4)N(CC)CC,518.0
233,[H]C5=CC([N+]([O-])=O)=CC([N+]([O-])=O)=C5/N=N/C6=CC(OC)=C(C=C6)N(CC)CC,540.0
234,[H]C7=CC([N+]([O-])=O)=CC(C#N)=C7/N=N/C8=CC(OC)=C(C=C8)N(CC)CC,555.0
235,BrC9=CC([N+]([O-])=O)=CC([N+]([O-])=O)=C9/N=N/C%10=CC(OC)=C(C=C%10)N(CC)CC,549.0
236,ClC%11=CC([N+]([O-])=O)=CC(C#N)=C%11/N=N/C%12=CC(OC)=C(C=C%12)N(CC)CC,573.0
237,CCN(C%13=C(OC)C=C(/N=N/C%14=C(C#N)C=C([N+]([O-])=O)C=C%14C#N)C=C%13)CC,623.0
238,CC(C=C(N(CCC#N)CCO)C=C1)=C1/N=N/C2=CC=CC=C2,403.0
239,CC(C=C(N(CCC#N)CCO)C=C1)=C1/N=N/C2=CC=CC=C2[N+]([O-])=O,429.0
240,CC(C=C(N(CCC#N)CCO)C=C1)=C1/N=N/C2=CC=CC([N+]([O-])=O)=C2,424.0
241,CC(C=C(N(CCC#N)CCO)C=C1)=C1/N=N/C2=CC=C([N+]([O-])=O)C=C2,461.0
242,CC(C=C(N(CCC#N)CCO)C=C1)=C1/N=N/C2=CC=CC=C2Br,417.0
243,CC(C=C(N(CCC#N)CCO)C=C1)=C1/N=N/C2=CC=CC(Br)=C2,414.0
244,CC(C=C(N(CCC#N)CCO)C=C1)=C1/N=N/C2=CC=CC=C2Cl,412.0
245,CC(C=C(N(CCC#N)CCO)C=C1)=C1/N=N/C2=CC=CC(Cl)=C2,410.0
246,CC(C=C(N(CCC#N)CCO)C=C1)=C1/N=N/C2=CC=C(Cl)C=C2,413.0
247,CC(C=C(N(CCC#N)CCO)C=C1)=C1/N=N/C2=C(F)C=CC=C2,417.0
248,CC(C=C(N(CCC#N)CCO)C=C1)=C1/N=N/C2=CC(F)=CC=C2,415.0
249,CC(C=C(N(CCC#N)CCO)C=C1)=C1/N=N/C2=C(C(F)(F)F)C=CC=C2,419.0
250,CC(C=C(N(CCC#N)CCO)C=C1)=C1/N=N/C2=CC(C(F)(F)F)=CC=C2,418.0
251,CC(C=C(N(CCC#N)CCO)C=C1)=C1/N=N/C2=CC=C(C(F)(F)F)C=C2,421.0
252,CC(C=C(N(CCC#N)CCO)C=C1)=C1/N=N/C2=C(C#N)C=CC=C2,438.0
253,CC(C=C(N(CCC#N)CCO)C=C1)=C1/N=N/C2=CC=C(C#N)C=C2,437.0
254,CC(C=C(N(CCC#N)CCO)C=C1)=C1/N=N/C2=C(OC)C=CC=C2,409.0
255,CC(C=C(N(CCC#N)CCO)C=C1)=C1/N=N/C2=CC(OC)=CC=C2,407.0
256,CC(C=C(N(CCC#N)CCO)C=C1)=C1/N=N/C2=C(C)C=CC=C2,405.0
257,CC(C=C(N(CCC#N)CCO)C=C1)=C1/N=N/C2=CC(C)=CC=C2,402.0
258,CC(C=C(N(CCC#N)CCO)C=C1)=C1/N=N/C2=CC=C(C)C=C2,402.0
259,CC(C=C(N(CCC#N)CCO)C=C1)=C1/N=N/C2=CC(C(O)C)=CC=C2,405.0
260,CC(C=C(N(CCC#N)CCO)C=C1)=C1/N=N/C2=CC=C(S(=O)(C)=O)C=C2,434.0
261,CC(C=C(N(CCC#N)CCO)C=C1)=C1/N=N/C2=CC=C(C(C)=O)C=C2,412.0
262,N#CCCNC(C=C1)=CC=C1/N=N/C2=CC=CC=C2,396.0
263,N#CCCNC(C=C1)=CC=C1/N=N/C2=CC=CC=C2[N+]([O-])=O,422.0
264,N#CCCNC(C=C1)=CC=C1/N=N/C2=CC=CC([N+]([O-])=O)=C2,418.0
265,ClC1=CC=CC=C1/N=N/C2=CC=C(NCCC#N)C=C2,408.0
266,ClC1=CC(/N=N/C2=CC=C(NCCC#N)C=C2)=CC=C1,408.0
267,ClC1=CC=C(/N=N/C2=CC=C(NCCC#N)C=C2)C=C1,404.0
268,FC1=CC=CC=C1/N=N/C2=CC=C(NCCC#N)C=C2,404.0
269,FC1=CC(/N=N/C2=CC=C(NCCC#N)C=C2)=CC=C1,406.0
270,FC1=CC=C(/N=N/C2=CC=C(NCCC#N)C=C2)C=C1,398.0
271,N#CCCNC(C=C1)=CC=C1/N=N/C2=CC=C(C(F)(F)F)C=C2,411.0
272,N#CCCNC(C=C1)=CC=C1/N=N/C2=CC=CC=C2C#N,429.0
273,N#CCCNC(C=C1)=CC=C1/N=N/C2=CC=C(C#N)C=C2,428.0
274,N#CCCNC(C=C1)=CC=C1/N=N/C2=CC=CC=C2OC,394.0
275,N#CCCNC(C=C1)=CC=C1/N=N/C2=CC=CC(OC)=C2,394.0
276,N#CCCNC(C=C1)=CC=C1/N=N/C2=CC=C(OC)C=C2,395.0
277,CC1=CC=CC=C1/N=N/C2=CC=C(NCCC#N)C=C2,400.0
278,CC1=CC(/N=N/C2=CC=C(NCCC#N)C=C2)=CC=C1,400.0
279,CC1=CC=C(/N=N/C2=CC=C(NCCC#N)C=C2)C=C1,395.0
280,OCCC1=CC=CC=C1/N=N/C2=CC=C(NCCC#N)C=C2,399.0
281,CC(O)C1=CC(/N=N/C2=CC=C(NCCC#N)C=C2)=CC=C1,396.0
282,OCCC1=CC=C(/N=N/C2=CC=C(NCCC#N)C=C2)C=C1,396.0
283,O=C(C)NC1=CC=C(/N=N/C2=CC=C(NCCC#N)C=C2)C=C1,403.0
284,[H]N(C)C(C=C1)=CC=C1/N=N/C2=CC=CC=C2,400.0
285,[H]N(CC)C(C=C3)=CC=C3/N=N/C4=CC=CC=C4,400.0
286,[H]N(CCO)C(C=C5)=CC=C5/N=N/C6=CC=CC=C6,398.0
287,[H]N(CCC#N)C(C=C7)=CC=C7/N=N/C8=CC=CC=C8,390.0
288,CC9=CC(NCCC#N)=CC=C9/N=N/C%10=CC=CC=C%10,396.0
289,OCCN(CCO)C(C=C%11)=CC=C%11/N=N/C%12=CC=CC=C%12,407.0
290,OCCN(CCC#N)C(C=C%13)=CC=C%13/N=N/C%14=CC=CC=C%14,397.0
291,CC%15=CC(N(CCO)CCC#N)=CC=C%15/N=N/C%16=CC=CC=C%16,403.0
292,CN(CCC#N)C(C=C%17)=CC=C%17/N=N/C%18=CC=CC=C%18,396.0
293,CCN(CCC#N)C(C=C%19)=CC=C%19/N=N/C%20=CC=CC=C%20,399.0
294,CCN(CCC#N)C(C=C%21C)=CC=C%21/N=N/C%22=CC=CC=C%22,404.0
295,N#CCCN(CCC#N)C(C=C%23)=CC=C%23/N=N/C%24=CC=CC=C%24,382.0
296,CC1=CC(N(CCC#N)CCC#N)=CC=C1/N=N/C2=CC=CC=C2,392.0
297,[H]N(C)C(C=C1)=CC=C1/N=N/C2=CC=C([N+]([O-])=O)C=C2,464.0
298,[H]N(CC)C(C=C3)=CC=C3/N=N/C4=CC=C([N+]([O-])=O)C=C4,468.0
299,[H]N(CCO)C(C=C5)=CC=C5/N=N/C6=CC=C([N+]([O-])=O)C=C6,463.0
300,[H]N(CCC#N)C(C=C7)=CC=C7/N=N/C8=CC=C([N+]([O-])=O)C=C8,443.0
301,CC9=CC(NCCC#N)=CC=C9/N=N/C%10=CC=C([N+]([O-])=O)C=C%10,451.0
302,OCCN(CCO)C(C=C%11)=CC=C%11/N=N/C%12=CC=C([N+]([O-])=O)C=C%12,475.0
303,OCCN(CCC#N)C(C=C%13)=CC=C%13/N=N/C%14=CC=C([N+]([O-])=O)C=C%14,451.0
304,CC%15=CC(N(CCO)CCC#N)=CC=C%15/N=N/C%16=CC=C([N+]([O-])=O)C=C%16,461.0
305,CN(CCC#N)C(C=C%17)=CC=C%17/N=N/C%18=CC=C([N+]([O-])=O)C=C%18,448.0
306,CCN(CCC#N)C(C=C%19)=CC=C%19/N=N/C%20=CC=C([N+]([O-])=O)C=C%20,452.0
307,CCN(CCC#N)C(C=C%21C)=CC=C%21/N=N/C%22=CC=C([N+]([O-])=O)C=C%22,463.0
308,N#CCCN(CCC#N)C(C=C%23)=CC=C%23/N=N/C%24=CC=C([N+]([O-])=O)C=C%24,432.0
309,CC1=CC(N(CCC#N)CCC#N)=CC=C1/N=N/C2=CC=C([N+]([O-])=O)C=C2,441.0
310,COC(S1)=CC=C1/N=N/C2=CC=CC=C2,394.0
311,COC(S1)=CC=C1/N=N/C2=CC=C(C#N)C=C2,413.0
312,CC(S1)=CC=C1/N=N/C2=CC=C(C#N)C=C2,387.0
313,CC(S1)=CC=C1/N=N/C2=CC=C(C(F)(F)F)C=C2,378.0
314,N#CC(S1)=CC=C1/N=N/C2=CC=CC=C2,367.0
315,COC1=CC=C(/N=N/C2=CC=CS2)C=C1,373.0
316,N#CC1=CC=C(/N=N/C2=CC=CS2)C=C1,370.0
317,FC(F)(F)C1=CC=C(/N=N/C2=CC=CS2)C=C1,362.0
318,COC1=CC(/N=N/C2=CC=CS2)=CC=C1,364.0
319,N#CC1=CC(/N=N/C2=CC=CS2)=CC=C1,362.0
320,Cc1[nH]c2c(c1N=Nc1nncs1)cccc2,428.0
321,Cn1c(C)c(c2c1cccc2)N=Nc1nncs1,434.0
322,c1ccc(cc1)c1[nH]c2c(c1N=Nc1nncs1)cccc2,437.0
323,Cn1c(c2ccccc2)c(c2c1cccc2)N=Nc1nncs1,431.0
324,CSc1nnc(s1)N=Nc1c(C)[nH]c2c1cccc2,445.0
325,CSc1nnc(s1)N=Nc1c2ccccc2n(c1C)C,451.0
326,CSc1nnc(s1)N=Nc1c([nH]c2c1cccc2)c1ccccc1,467.0
327,CSc1nnc(s1)N=Nc1c(c2ccccc2)n(c2c1cccc2)C,459.0
328,CC1=C(/N=N/C2=NN=C(CC)S2)C3=CC=CC=C3N1,420.0
329,CCc1nnc(s1)N=Nc1c2ccccc2n(c1C)C,432.0
330,CCc1nnc(s1)N=Nc1c([nH]c2c1cccc2)c1ccccc1,440.0
331,CCc1nnc(s1)N=Nc1c(c2ccccc2)n(c2c1cccc2)C,438.0
332,Cc1[nH]c2c(c1N=Nc1n[nH]c(n1)S)cccc2,392.0
333,Sc1[nH]nc(n1)N=Nc1c(C)n(c2c1cccc2)C,401.0
334,Sc1[nH]nc(n1)N=Nc1c([nH]c2c1cccc2)c1ccccc1,411.0
335,Sc1[nH]nc(n1)N=Nc1c(c2ccccc2)n(c2c1cccc2)C,408.0
336,Oc1c(/C=N/c2cc(C(O)=O)ccn2)cc(/N=N/c3ccc([N+]([O-])=O)cc3)cc1,378.0
337,Oc1c(/C=N/c2cc(C(OCC)=O)ccn2)cc(/N=N/c3ccc([N+]([O-])=O)cc3)cc1,379.0
338,Oc1c(/C=N/c2c(C(C)C)cc(S(=O)(O)=O)cc2C(C)C)cc(/N=N/c3ccc([N+]([O-])=O)cc3)cc1,267.0
339,CN1C2=CC=CC=C2N=C1/N=N/C3=NC4=CC=CC=C4N3C,439.0
340,C12=CC=CC=C1N=C(/N=N/C3=NC4=CC=CC=C4O3)O2,430.0
341,C12=CC=CC=C1N=C(/N=N/C3=NC4=CC=CC=C4S3)S2,421.0
342,[H]C1=CC=C(N=C(N=NC2=CC=CC=C2)S3)C3=C1,328.0
343,[H]C4=CC=C(N=C(N=NC5=CC=CC=C5Cl)S6)C6=C4,335.0
344,[H]C7=CC=C(N=C(N=NC8=CC=CC(CO)=C8)S9)C9=C7,328.0
345,[H]C%10=CC=C(N=C(N=NC%11=C(NC(C)=O)C=CC=C%11)S%12)C%12=C%10,331.0
346,[H]C%13=CC=C(N=C(N=NC%14=CC=C(NC(C)=O)C=C%14)S%15)C%15=C%13,371.0
347,[H]C%16=CC=C(N=C(N=NC%17=CC=CC=C%17OC)S%18)C%18=C%16,325.0
348,[H]C%19=CC=C(N=C(N=NC%20=CC=C(OC)C=C%20)S%21)C%21=C%19,361.0
349,[H]C%22=CC=C(N=C(N=NC%23=CC=CC=C%23SC)S%24)C%24=C%22,328.0
350,[H]C%25=CC=C(N=C(N=NC%26=CC=C(SC)C=C%26)S%27)C%27=C%25,392.0
351,O=[N+]([O-])C1=CC=C(N=C(N=NC2=CC=CC=C2)S3)C3=C1,340.0
352,O=[N+]([O-])C4=CC=C(N=C(N=NC5=CC=CC=C5C(O)=O)S6)C6=C4,335.0
353,ClC7=CC=CC=C7N=NC8=NC9=CC=C([N+]([O-])=O)C=C9S8,343.0
354,ClC%10=CC(N=NC%11=NC%12=CC=C([N+]([O-])=O)C=C%12S%11)=CC=C%10,334.0
355,ClC(C=C%13)=CC=C%13N=NC%14=NC%15=CC=C([N+]([O-])=O)C=C%15S%14,346.0
356,FC(C=C%16)=CC=C%16N=NC%17=NC%18=CC=C([N+]([O-])=O)C=C%18S%17,342.0
357,IC(C=C%19)=CC=C%19N=NC%20=NC%21=CC=C([N+]([O-])=O)C=C%21S%20,368.0
358,O=[N+]([O-])C%22=CC=C(N=C(N=NC%23=CC=C([N+]([O-])=O)C=C%23)S%24)C%24=C%22,332.0
359,OCC%25=CC(N=NC%26=NC%27=CC=C([N+]([O-])=O)C=C%27S%26)=CC=C%25,341.0
360,OCC%28=CC(N=NC%29=NC%30=CC=C([N+]([O-])=O)C=C%30S%29)=CC=C%28,346.0
361,O=C(C)NC(C=C%31)=CC=C%31N=NC%32=NC%33=CC=C([N+]([O-])=O)C=C%33S%32,406.0
362,COC1=CC=CC=C1N=NC2=NC3=CC=C([N+]([O-])=O)C=C3S2,337.0
363,COC(C=C4)=CC=C4N=NC5=NC6=CC=C([N+]([O-])=O)C=C6S5,399.0
364,CSC7=CC=CC=C7N=NC8=NC9=CC=C([N+]([O-])=O)C=C9S8,340.0
365,CSC(C=C%10)=CC=C%10N=NC%11=NC%12=CC=C([N+]([O-])=O)C=C%12S%11,421.0
366,OC1=C(N=CC=C2)C2=C(/N=N/C3=CC=CC=C3)C=C1,384.0
367,OC4=C(N=CC=C5)C5=C(/N=N/C6=CC=C(C)C=C6)C=C4,390.0
368,OC7=C(N=CC=C8)C8=C(/N=N/C9=CC=C(OC%10=CC=CC=C%10)C=C9)C=C7,395.0
369,OC%11=C(N=CC=C%12)C%12=C(/N=N/C%13=CC=C(NC(C)=O)C=C%13)C=C%11,390.0
370,OC%14=C(N=CC=C%15)C%15=C(/N=N/C%16=CC=C(OCC)C=C%16)C=C%14,388.0
371,OC%17=C(N=CC=C%18)C%18=C(/N=N/C%19=CC=C(Cl)C=C%19)C=C%17,395.0
372,OC%20=C(N=CC=C%21)C%21=C(/N=N/C%22=CC=C(C(O)=O)C=C%22)C=C%20,503.0
373,OC%23=C(N=CC=C%24)C%24=C(/N=N/C%25=CC=CC=C%25C(O)=O)C=C%23,398.0
374,OC%26=C(N=CC=C%27)C%27=C(/N=N/C%28=CC=C(C(C)=O)C=C%28)C=C%26,401.0
375,OC%29=C(N=CC=C%30)C%30=C(/N=N/C%31=CC=C(C#N)C=C%31)C=C%29,413.0
376,OC%32=C(N=CC=C%33)C%33=C(/N=N/C%34=CC=C([N+]([O-])=O)C=C%34)C=C%32,414.0
377,OC1=C2N=CC=CC2=C(/N=N/C3=NC=CS3)C=C1,428.0
378,OC4=C5N=CC=CC5=C(/N=N/C6=NC=C(C)S6)C=C4,436.0
379,OC7=C8N=CC=CC8=C(/N=N/C9=NC=C(S(=O)(C%10=CC=C([N+]([O-])=O)C=C%10)=O)S9)C=C7,491.0
380,OC%11=C%12N=CC=CC%12=C(/N=N/C%13=NC(CC(OCC)=O)=CS%13)C=C%11,438.0
381,OC%14=C%15N=CC=CC%15=C(/N=N/C%16=NC(C%17=CC=CC=C%17)=CS%16)C=C%14,516.0
382,OC%18=C%19N=CC=CC%19=C(/N=N/C%20=NC(C%21=CC=C(Cl)C=C%21)=CS%20)C=C%18,456.0
383,OC%22=C%23N=CC=CC%23=C(/N=N/C%24=NC(C%25=CC=C(Br)C=C%25)=CS%24)C=C%22,462.0
384,OC%26=C%27N=CC=CC%27=C(/N=N/C%28=NC%29=CC=CC=C%29S%28)C=C%26,442.0
385,OC%30=C%31N=CC=CC%31=C(/N=N/C%32=NC%33=CC=C(Cl)C=C%33S%32)C=C%30,450.0
386,OC%34=C%35N=CC=CC%35=C(/N=N/C%36=NC%37=CC=C(OC)C=C%37S%36)C=C%34,461.0
387,OC%38=C%39N=CC=CC%39=C(/N=N/C%40=NC%41=CC(C)=C(C)C=C%41S%40)C=C%38,456.0
388,OC%42=C%43N=CC=CC%43=C(/N=N/C%44=NC%45=CC=CC=C%45N%44)C=C%42,437.0
389,N#CC1C(SC(/N=N/C2=NC(C=CC([N+]([O-])=O)=C3)=C3S2)C1C4CCCCC4)N,545.0
390,N#Cc5c(c6ccc(Cl)cc6)c(/N=N/C7=NC(C=CC([N+]([O-])=O)=C8)=C8S7)sc5N,535.0
391,N#CC9C(SC(/N=N/C%10=NC(C=CC([N+]([O-])=O)=C%11)=C%11S%10)C9C%12CCC(OC)CC%12)N,550.0
